{
    "1e 2e": 0.7651376128196716,
    "1e 3d": 0.5319182276725769,
    "1e 4d": 0.5475592613220215,
    "1e 5d": 0.5394426584243774,
    "1e 6d": 0.5498001575469971,
    "1e 7d": 0.5374905467033386,
    "1e 8d": 0.5369868278503418,
    "1e 9a": 0.4104069173336029,
    "1e 10a": 0.4197671115398407,
    "1e 11a": 0.4570067822933197,
    "1e 12a": 0.4587894082069397,
    "1e 12b": 0.4225597679615021,
    "1e 12c": 0.623298704624176,
    "1e 14a": 0.4545188844203949,
    "1e 14c": 0.6061598062515259,
    "1e 15a": 0.4614563584327698,
    "1e 16c": 0.6779389381408691,
    "1e 17a": 0.3758685886859894,
    "1e 18a": 0.41006284952163696,
    "1e 19a": 0.263336718082428,
    "1e 20a": 0.4555933475494385,
    "1e 21a": 0.44207215309143066,
    "1e 22a": 0.4557049572467804,
    "1e 23a": 0.4571608603000641,
    "1e 24a": 0.3682897984981537,
    "2e 3d": 0.518424391746521,
    "2e 4d": 0.5469302535057068,
    "2e 5d": 0.5662247538566589,
    "2e 6d": 0.5677367448806763,
    "2e 7d": 0.5514642596244812,
    "2e 8d": 0.5620618462562561,
    "2e 9a": 0.3593970835208893,
    "2e 11a": 0.40412789583206177,
    "2e 12a": 0.4075581431388855,
    "2e 12b": 0.39298176765441895,
    "2e 12c": 0.6164839863777161,
    "2e 13b": 0.3908576965332031,
    "2e 14a": 0.4140804708003998,
    "2e 14c": 0.5795658826828003,
    "2e 15a": 0.4197346568107605,
    "2e 16c": 0.6922385096549988,
    "2e 17a": 0.3516383171081543,
    "2e 18a": 0.37688666582107544,
    "2e 19a": 0.24612915515899658,
    "2e 20a": 0.40932801365852356,
    "2e 21a": 0.4001717269420624,
    "2e 22a": 0.3994341492652893,
    "2e 23a": 0.4249751567840576,
    "2e 24a": 0.3386821150779724,
    "3d 4d": 0.8418724536895752,
    "3d 5d": 0.7693955898284912,
    "3d 6d": 0.7556290030479431,
    "3d 7d": 0.7474817037582397,
    "3d 8d": 0.7232178449630737,
    "3d 9a": 0.4335731267929077,
    "3d 10a": 0.43011125922203064,
    "3d 11a": 0.4573347568511963,
    "3d 12a": 0.48226532340049744,
    "3d 12b": 0.44090166687965393,
    "3d 12c": 0.6810170412063599,
    "3d 13b": 0.4265938699245453,
    "3d 14a": 0.4310418665409088,
    "3d 14c": 0.5835906863212585,
    "3d 15a": 0.4584392309188843,
    "3d 16c": 0.6205302476882935,
    "3d 17a": 0.3142927289009094,
    "3d 18a": 0.38575196266174316,
    "3d 19a": 0.23591795563697815,
    "3d 20a": 0.4570338726043701,
    "3d 21a": 0.44763049483299255,
    "3d 22a": 0.4315427839756012,
    "3d 23a": 0.3870546519756317,
    "3d 24a": 0.32525208592414856,
    "4d 5d": 0.8206812143325806,
    "4d 6d": 0.775513231754303,
    "4d 7d": 0.7761420607566833,
    "4d 8d": 0.7553440928459167,
    "4d 9a": 0.4197399914264679,
    "4d 10a": 0.41929376125335693,
    "4d 11a": 0.4478437900543213,
    "4d 12a": 0.4730881154537201,
    "4d 12b": 0.43407535552978516,
    "4d 12c": 0.6963074207305908,
    "4d 13b": 0.4228208363056183,
    "4d 14c": 0.5906774997711182,
    "4d 15a": 0.4439704120159149,
    "4d 16c": 0.649194598197937,
    "4d 17a": 0.313384473323822,
    "4d 18a": 0.3805922865867615,
    "4d 19a": 0.23353615403175354,
    "4d 20a": 0.44489574432373047,
    "4d 21a": 0.4397342801094055,
    "4d 22a": 0.4210115671157837,
    "4d 23a": 0.38882845640182495,
    "4d 24a": 0.32427892088890076,
    "5d 6d": 0.7740640640258789,
    "5d 7d": 0.7690442204475403,
    "5d 8d": 0.7711998820304871,
    "5d 9a": 0.38736599683761597,
    "5d 10a": 0.38604897260665894,
    "5d 11a": 0.4121675491333008,
    "5d 12a": 0.43820786476135254,
    "5d 12b": 0.40850481390953064,
    "5d 12c": 0.6708075404167175,
    "5d 13b": 0.3951071798801422,
    "5d 14a": 0.3949810862541199,
    "5d 14c": 0.5574035048484802,
    "5d 15a": 0.4219883978366852,
    "5d 16c": 0.6419832706451416,
    "5d 17a": 0.2931728661060333,
    "5d 18a": 0.35897812247276306,
    "5d 19a": 0.21472236514091492,
    "5d 20a": 0.41300952434539795,
    "5d 21a": 0.41191303730010986,
    "5d 22a": 0.3908112943172455,
    "5d 23a": 0.3684488832950592,
    "5d 24a": 0.3041655123233795,
    "6d 7d": 0.8810857534408569,
    "6d 8d": 0.8519692420959473,
    "6d 9a": 0.4335215389728546,
    "6d 10a": 0.43512460589408875,
    "6d 11a": 0.45420169830322266,
    "6d 12a": 0.49292969703674316,
    "6d 12b": 0.47300365567207336,
    "6d 12c": 0.728192150592804,
    "6d 13b": 0.4492952823638916,
    "6d 14a": 0.44827717542648315,
    "6d 14c": 0.5974011421203613,
    "6d 15a": 0.4801032543182373,
    "6d 16c": 0.6322463750839233,
    "6d 17a": 0.3320767283439636,
    "6d 18a": 0.4081529974937439,
    "6d 19a": 0.25320160388946533,
    "6d 20a": 0.4684450626373291,
    "6d 21a": 0.46776866912841797,
    "6d 22a": 0.43778419494628906,
    "6d 23a": 0.4013270139694214,
    "6d 24a": 0.33351004123687744,
    "7d 8d": 0.885976254940033,
    "7d 9a": 0.43646565079689026,
    "7d 10a": 0.4394218921661377,
    "7d 11a": 0.45516589283943176,
    "7d 12a": 0.49684640765190125,
    "7d 12b": 0.472352534532547,
    "7d 12c": 0.7230798006057739,
    "7d 13b": 0.45079368352890015,
    "7d 14a": 0.4447118043899536,
    "7d 14c": 0.5965477228164673,
    "7d 15a": 0.47560179233551025,
    "7d 16c": 0.6255407929420471,
    "7d 17a": 0.331449955701828,
    "7d 18a": 0.40770310163497925,
    "7d 19a": 0.2549099326133728,
    "7d 20a": 0.4689285457134247,
    "7d 21a": 0.47055721282958984,
    "7d 22a": 0.4395708441734314,
    "7d 23a": 0.40196478366851807,
    "7d 24a": 0.33856040239334106,
    "8d 9a": 0.42223060131073,
    "8d 10a": 0.42332422733306885,
    "8d 11a": 0.4408835470676422,
    "8d 12a": 0.48170292377471924,
    "2e 10a": 0.37239861488342285,
    "4d 14a": 0.41809529066085815,
    "8d 12b": 0.459211528301239,
    "8d 12c": 0.7114428281784058,
    "8d 13b": 0.4375970661640167,
    "8d 14a": 0.4306952655315399,
    "8d 14c": 0.5864459872245789,
    "8d 15a": 0.4606174826622009,
    "8d 16c": 0.6349769830703735,
    "8d 17a": 0.3247724175453186,
    "8d 18a": 0.39590784907341003,
    "8d 19a": 0.2485959380865097,
    "8d 20a": 0.4535614550113678,
    "8d 21a": 0.4552403390407562,
    "8d 22a": 0.42446368932724,
    "8d 23a": 0.3968621790409088,
    "8d 24a": 0.3293665051460266,
    "9a 10a": 0.746322751045227,
    "9a 11a": 0.7271177172660828,
    "9a 12a": 0.7085234522819519,
    "9a 12b": 0.6320163011550903,
    "9a 12c": 0.5641830563545227,
    "9a 13b": 0.6117509007453918,
    "9a 14a": 0.6437956690788269,
    "9a 14c": 0.569829523563385,
    "9a 15a": 0.65730220079422,
    "9a 16c": 0.4437522292137146,
    "9a 17a": 0.4741846024990082,
    "9a 18a": 0.547646701335907,
    "9a 19a": 0.3689315617084503,
    "9a 20a": 0.6662437319755554,
    "9a 21a": 0.6543010473251343,
    "9a 22a": 0.7044785618782043,
    "9a 23a": 0.45578089356422424,
    "9a 24a": 0.39288774132728577,
    "10a 11a": 0.8039600253105164,
    "10a 12a": 0.7581536769866943,
    "10a 12b": 0.6762909889221191,
    "10a 12c": 0.5736419558525085,
    "10a 13b": 0.6600447297096252,
    "10a 14a": 0.6742308139801025,
    "10a 14c": 0.5953422784805298,
    "10a 15a": 0.6856922507286072,
    "10a 16c": 0.4509694278240204,
    "10a 17a": 0.5312053561210632,
    "10a 18a": 0.607732892036438,
    "10a 19a": 0.44649699330329895,
    "10a 20a": 0.6977497935295105,
    "10a 21a": 0.6910997629165649,
    "10a 22a": 0.7318117022514343,
    "10a 23a": 0.49433401226997375,
    "10a 24a": 0.43210211396217346,
    "11a 12a": 0.764755368232727,
    "11a 12b": 0.6688665747642517,
    "11a 12c": 0.5852957963943481,
    "11a 13b": 0.6543682217597961,
    "11a 14a": 0.6850181221961975,
    "11a 14c": 0.610247015953064,
    "11a 15a": 0.6840971112251282,
    "11a 16c": 0.4868398606777191,
    "11a 17a": 0.5368947982788086,
    "11a 18a": 0.6027664542198181,
    "11a 19a": 0.4406357407569885,
    "11a 20a": 0.7050911784172058,
    "11a 21a": 0.6925219893455505,
    "11a 22a": 0.733690083026886,
    "11a 23a": 0.5199862718582153,
    "11a 24a": 0.44772908091545105,
    "12a 12b": 0.708380401134491,
    "12a 12c": 0.631083607673645,
    "12a 13b": 0.6830958724021912,
    "12a 14a": 0.6962077617645264,