{
    "1e 13b": 0.42355746030807495,
    "1e 14a": 0.4545188844203949,
    "1e 14c": 0.6061598062515259,
    "1e 2e": 0.7651376128196716,
    "1e 3d": 0.5319182276725769,
    "1e 4d": 0.5475592613220215,
    "1e 5d": 0.5394426584243774,
    "1e 6d": 0.5498001575469971,
    "1e 7d": 0.5374905467033386,
    "1e 8d": 0.5369868278503418,
    "1e 9a": 0.4104069173336029,
    "1e 10a": 0.4197671115398407,
    "1e 11a": 0.4570067822933197,
    "1e 12a": 0.4587894082069397,
    "1e 12b": 0.4225597679615021,
    "1e 12c": 0.623298704624176,
    "1e 15a": 0.4614563584327698,
    "1e 16c": 0.6779389381408691,
    "1e 17a": 0.3758685886859894
}