{
    "1e 2e": 0.7651376128196716,
    "1e 3d": 0.5319182276725769,
    "1e 4d": 0.5475592613220215,
    "1e 5d": 0.5394426584243774,
    "1e 6d": 0.5498001575469971,
    "1e 7d": 0.5374905467033386,
    "1e 8d": 0.5369868278503418,
    "1e 9a": 0.4104069173336029,
    "1e 10a": 0.4197671115398407,
    "1e 11a": 0.4570067822933197,
    "1e 12a": 0.4587894082069397,
    "1e 12b": 0.4225597679615021,
    "1e 12c": 0.623298704624176,
    "1e 14a": 0.4545188844203949,
    "1e 14c": 0.6061598062515259,
    "1e 15a": 0.4614563584327698,
    "1e 16c": 0.6779389381408691,
    "1e 17a": 0.3758685886859894,
    "1e 18a": 0.41006284952163696,
    "1e 19a": 0.263336718082428,
    "1e 20a": 0.4555933475494385,
    "1e 21a": 0.44207215309143066,
    "1e 22a": 0.4557049572467804,
    "1e 23a": 0.4571608603000641,
    "1e 24a": 0.3682897984981537,
    "2e 3d": 0.518424391746521,
    "2e 4d": 0.5469302535057068,
    "2e 5d": 0.5662247538566589,
    "2e 6d": 0.5677367448806763,
    "2e 7d": 0.5514642596244812,
    "2e 8d": 0.5620618462562561,
    "2e 9a": 0.3593970835208893,
    "2e 11a": 0.40409424901008606,
    "2e 12a": 0.40744367241859436,
    "2e 12b": 0.39272671937942505,
    "2e 12c": 0.6160545349121094,
    "2e 13b": 0.3905234932899475,
    "2e 14a": 0.4140775799751282,
    "2e 14c": 0.5795588493347168,
    "2e 15a": 0.41973358392715454,
    "2e 16c": 0.6922316551208496,
    "2e 17a": 0.3516332805156708,
    "2e 18a": 0.3768836557865143,
    "2e 19a": 0.24612516164779663,
    "2e 20a": 0.40932536125183105,
    "2e 21a": 0.40016889572143555,
    "2e 22a": 0.39943215250968933,
    "2e 23a": 0.4249495267868042,
    "2e 24a": 0.3386688828468323,
    "3d 4d": 0.8418723940849304,
    "3d 5d": 0.7693964242935181,
    "3d 6d": 0.7556282877922058,
    "3d 7d": 0.7474809885025024,
    "3d 8d": 0.7232171297073364,
    "3d 9a": 0.4335726499557495,
    "3d 10a": 0.4300500750541687,
    "3d 11a": 0.457271933555603,
    "3d 12a": 0.48207777738571167,
    "3d 12b": 0.44050782918930054,
    "3d 12c": 0.6804314255714417,
    "3d 13b": 0.42608827352523804,
    "3d 14a": 0.43104124069213867,
    "3d 14c": 0.5835905075073242,
    "3d 15a": 0.45843642950057983,
    "3d 16c": 0.620517909526825,
    "3d 17a": 0.31429243087768555,
    "3d 18a": 0.3857514262199402,
    "3d 19a": 0.23591060936450958,
    "3d 20a": 0.45703303813934326,
    "3d 21a": 0.4476298987865448,
    "3d 22a": 0.43153175711631775,
    "3d 23a": 0.38701412081718445,
    "3d 24a": 0.32521650195121765,
    "4d 5d": 0.820681095123291,
    "4d 6d": 0.7755122780799866,
    "4d 7d": 0.7761422395706177,
    "4d 8d": 0.7553444504737854,
    "4d 9a": 0.41974082589149475,
    "4d 10a": 0.41923630237579346,
    "4d 11a": 0.447782427072525,
    "4d 12a": 0.4729056656360626,
    "4d 12b": 0.43369027972221375,
    "4d 12c": 0.6957109570503235,
    "4d 13b": 0.4223206639289856,
    "4d 14c": 0.5906761884689331,
    "4d 15a": 0.4439683258533478,
    "4d 16c": 0.6491836905479431,
    "4d 17a": 0.31338486075401306,
    "4d 18a": 0.3805910646915436,
    "4d 19a": 0.23352953791618347,
    "4d 20a": 0.4448951482772827,
    "4d 21a": 0.4397343397140503,
    "4d 22a": 0.4210006594657898,
    "4d 23a": 0.3887878358364105,
    "4d 24a": 0.32424426078796387,
    "5d 6d": 0.774064302444458,
    "5d 7d": 0.7690444588661194,
    "5d 8d": 0.7712016105651855,
    "5d 9a": 0.38736578822135925,
    "5d 10a": 0.3860006332397461,
    "5d 11a": 0.4121211767196655,
    "5d 12a": 0.438052773475647,
    "5d 12b": 0.4081816077232361,
    "5d 12c": 0.6702755093574524,
    "5d 13b": 0.3946908116340637,
    "5d 14a": 0.39498046040534973,
    "5d 14c": 0.557403564453125,
    "5d 15a": 0.4219878017902374,
    "5d 16c": 0.6419791579246521,
    "5d 17a": 0.29317232966423035,
    "5d 18a": 0.3589792251586914,
    "5d 19a": 0.21471749246120453,
    "5d 20a": 0.413009375333786,
    "5d 21a": 0.4119129180908203,
    "5d 22a": 0.390805184841156,
    "5d 23a": 0.368415504693985,
    "5d 24a": 0.30413904786109924,
    "6d 7d": 0.881084680557251,
    "6d 8d": 0.8519679307937622,
    "6d 9a": 0.43352216482162476,
    "6d 10a": 0.4350629448890686,
    "6d 11a": 0.4541386365890503,
    "6d 12a": 0.49273765087127686,
    "6d 12b": 0.47258248925209045,
    "6d 12c": 0.7275716662406921,
    "6d 13b": 0.4487634301185608,
    "6d 14a": 0.4482768476009369,
    "6d 14c": 0.5973995923995972,
    "6d 15a": 0.4801005423069,
    "6d 16c": 0.6322356462478638,
    "6d 17a": 0.3320765793323517,
    "6d 18a": 0.40815219283103943,
    "6d 19a": 0.2531942129135132,
    "6d 20a": 0.4684444069862366,
    "6d 21a": 0.46776801347732544,
    "6d 22a": 0.437773734331131,
    "6d 23a": 0.40128475427627563,
    "6d 24a": 0.3334747850894928,
    "7d 8d": 0.8859755992889404,
    "7d 9a": 0.4364665150642395,
    "7d 10a": 0.43935975432395935,
    "7d 11a": 0.45510393381118774,
    "7d 12a": 0.4966541826725006,
    "7d 12b": 0.47193604707717896,
    "7d 12c": 0.7224597334861755,
    "7d 13b": 0.4502679109573364,
    "7d 14a": 0.444711834192276,
    "7d 14c": 0.5965469479560852,
    "7d 15a": 0.47559934854507446,
    "7d 16c": 0.6255309581756592,
    "7d 17a": 0.33145007491111755,
    "7d 18a": 0.40770208835601807,
    "7d 19a": 0.2549026906490326,
    "7d 20a": 0.4689285457134247,
    "7d 21a": 0.4705570936203003,
    "7d 22a": 0.43955835700035095,
    "7d 23a": 0.40192392468452454,
    "7d 24a": 0.33852365612983704,
    "8d 9a": 0.42223021388053894,
    "8d 10a": 0.42327648401260376,
    "8d 11a": 0.44083359837532043,
    "8d 12a": 0.4815393090248108
}