{
    "1e 2e": 0.8313419222831726,
    "1e 3d": 0.5656548142433167,
    "1e 4d": 0.5902608036994934,
    "1e 5d": 0.608047604560852,
    "1e 6d": 0.6637226343154907,
    "1e 7d": 0.6254594326019287,
    "1e 8d": 0.6282156109809875,
    "1e 9a": 0.4688630700111389,
    "1e 10a": 0.4472953677177429,
    "1e 11a": 0.4442324936389923,
    "1e 12a": 0.3892938494682312,
    "1e 12b": 0.32163774967193604,
    "1e 12c": 0.47660714387893677,
    "1e 13b": 0.34626612067222595,
    "1e 14a": 0.35138824582099915,
    "1e 14c": 0.4036305844783783,
    "1e 15a": 0.3350486159324646,
    "1e 16c": 0.5356376767158508
}