{
    "1e 2e": 0.8313419222831726,
    "1e 3d": 0.5656548142433167,
    "1e 4d": 0.5902608036994934,
    "1e 5d": 0.608047604560852,
    "1e 6d": 0.6637226343154907,
    "1e 7d": 0.6254594326019287,
    "1e 8d": 0.6282156109809875,
    "1e 9a": 0.4688630700111389,
    "1e 10a": 0.4472953677177429,
    "1e 11a": 0.4442324936389923,
    "1e 12a": 0.3892938494682312,
    "1e 12b": 0.32163774967193604,
    "1e 12c": 0.47660714387893677,
    "1e 13b": 0.34626612067222595,
    "1e 14a": 0.35138824582099915,
    "1e 14c": 0.4036305844783783,
    "1e 15a": 0.3350486159324646,
    "1e 16c": 0.5356376767158508,
    "1e 17a": 0.2970485985279083,
    "1e 18a": 0.3259117305278778,
    "1e 19a": 0.30517706274986267,
    "1e 20a": 0.3575837016105652,
    "1e 21a": 0.33111485838890076,
    "1e 22a": 0.4510817229747772,
    "1e 23a": 0.36483240127563477,
    "1e 24a": 0.36455458402633667,
    "2e 3d": 0.4562762975692749,
    "2e 4d": 0.48990917205810547,
    "2e 5d": 0.5363265872001648,
    "2e 6d": 0.5538346171379089,
    "2e 7d": 0.508625864982605,
    "2e 8d": 0.5619478225708008,
    "2e 9a": 0.4371439814567566,
    "2e 10a": 0.40085890889167786,
    "2e 11a": 0.405253529548645,
    "2e 12a": 0.3300851583480835,
    "2e 12b": 0.2510146498680115,
    "2e 12c": 0.39903920888900757,
    "2e 13b": 0.2841184139251709,
    "2e 14a": 0.2873161733150482,
    "2e 14c": 0.32780858874320984,
    "2e 15a": 0.26933029294013977,
    "2e 16c": 0.4496140480041504,
    "2e 17a": 0.22141240537166595,
    "2e 18a": 0.2557804584503174,
    "2e 19a": 0.2320733666419983,
    "2e 20a": 0.28906652331352234,
    "2e 21a": 0.26238715648651123,
    "2e 22a": 0.4020625352859497,
    "2e 23a": 0.2947119474411011,
    "2e 24a": 0.2936680316925049,
    "3d 4d": 0.8466752767562866,
    "3d 5d": 0.7919067740440369,
    "3d 6d": 0.8241304159164429,
    "3d 7d": 0.8045604228973389,
    "3d 8d": 0.7329781651496887,
    "3d 9a": 0.45677801966667175,
    "3d 10a": 0.5360194444656372,
    "3d 11a": 0.5218990445137024,
    "3d 12a": 0.5592036843299866,
    "3d 12b": 0.5312727093696594,
    "3d 12c": 0.7171813249588013,
    "3d 13b": 0.5573911666870117,
    "3d 14a": 0.5513666868209839,
    "3d 14c": 0.6448228359222412,
    "3d 15a": 0.550663411617279,
    "3d 16c": 0.7532867789268494,
    "3d 17a": 0.5082537531852722,
    "3d 18a": 0.5405826568603516,
    "3d 19a": 0.5183375477790833,
    "3d 20a": 0.5556786060333252,
    "3d 21a": 0.5346199870109558,
    "3d 22a": 0.5645107626914978,
    "3d 23a": 0.5700974464416504,
    "3d 24a": 0.5734886527061462,
    "4d 5d": 0.8515676856040955,
    "4d 6d": 0.825476884841919,
    "4d 7d": 0.8317294716835022,
    "4d 8d": 0.7895795702934265,
    "4d 9a": 0.4006963074207306,
    "4d 10a": 0.468093603849411,
    "4d 11a": 0.4578099548816681,
    "4d 12a": 0.49323996901512146,
    "4d 12b": 0.4740520417690277,
    "4d 12c": 0.6703678369522095,
    "4d 13b": 0.5005170702934265,
    "4d 14a": 0.492538183927536,
    "4d 14c": 0.5915386080741882,
    "4d 15a": 0.4892209768295288,
    "4d 16c": 0.7359819412231445,
    "4d 17a": 0.4565817415714264,
    "4d 18a": 0.48037588596343994,
    "4d 19a": 0.4708438217639923,
    "4d 20a": 0.4923064112663269,
    "4d 21a": 0.47726577520370483,
    "4d 22a": 0.4966083765029907,
    "4d 23a": 0.5171149969100952,
    "4d 24a": 0.5215951800346375,
    "5d 6d": 0.8010703921318054,
    "5d 7d": 0.8002820014953613,
    "5d 8d": 0.818668782711029,
    "5d 9a": 0.3773080110549927,
    "5d 10a": 0.44323253631591797,
    "5d 11a": 0.42972150444984436,
    "5d 12a": 0.46580126881599426,
    "5d 12b": 0.4450657367706299,
    "5d 12c": 0.6464356184005737,
    "5d 13b": 0.47029784321784973,
    "5d 14a": 0.45781388878822327,
    "5d 14c": 0.5594290494918823,
    "5d 15a": 0.45534512400627136,
    "5d 16c": 0.7103426456451416,
    "5d 17a": 0.4288007616996765,
    "5d 18a": 0.4533967673778534,
    "5d 19a": 0.4408138394355774,
    "5d 20a": 0.45997756719589233,
    "5d 21a": 0.443630576133728,
    "5d 22a": 0.47781768441200256,
    "5d 23a": 0.48891425132751465,
    "5d 24a": 0.49685701727867126,
    "6d 7d": 0.8413006067276001,
    "6d 8d": 0.7881420254707336,
    "6d 9a": 0.4390993118286133,
    "6d 10a": 0.49919500946998596,
    "6d 11a": 0.4868159890174866,
    "6d 12a": 0.5087818503379822,
    "6d 12b": 0.46665504574775696,
    "6d 12c": 0.6601049304008484,
    "6d 13b": 0.494903564453125,
    "6d 14a": 0.49013373255729675,
    "6d 14c": 0.5797744989395142,
    "6d 15a": 0.48926886916160583,
    "6d 16c": 0.7119848132133484,
    "6d 17a": 0.4417436122894287,
    "6d 18a": 0.47798481583595276,
    "6d 19a": 0.45440852642059326,
    "6d 20a": 0.4975697994232178,
    "6d 21a": 0.4753669798374176,
    "6d 22a": 0.529729425907135,
    "6d 23a": 0.5105803608894348,
    "6d 24a": 0.5135975480079651,
    "7d 8d": 0.7992854714393616,
    "7d 9a": 0.4048800468444824,
    "7d 10a": 0.45520782470703125,
    "7d 11a": 0.4420447051525116,
    "7d 12a": 0.46025586128234863,
    "7d 12b": 0.4193279445171356,
    "7d 12c": 0.6307695508003235,
    "7d 13b": 0.4451628625392914,
    "7d 14a": 0.43870750069618225,
    "7d 14c": 0.5390376448631287,
    "7d 15a": 0.43449294567108154,
    "7d 16c": 0.6773921847343445,
    "7d 17a": 0.39617371559143066,
    "7d 18a": 0.4301282465457916,
    "7d 19a": 0.4081806540489197,
    "7d 20a": 0.44908440113067627,
    "7d 21a": 0.42430374026298523,
    "7d 22a": 0.4878494441509247,
    "7d 23a": 0.46831101179122925,
    "7d 24a": 0.46877044439315796,
    "8d 9a": 0.3594083786010742,
    "8d 10a": 0.39756444096565247,
    "8d 11a": 0.3912305235862732
}