{
    "1e 2e": 0.7165713310241699,
    "1e 3d": 0.4326620101928711,
    "1e 4d": 0.4324245750904083,
    "1e 5d": 0.4588145315647125,
    "1e 6d": 0.47191694378852844,
    "1e 7d": 0.4750417172908783,
    "1e 8d": 0.4896491765975952,
    "1e 9a": 0.4643498659133911,
    "1e 10a": 0.5112720727920532,
    "1e 11a": 0.5341440439224243,
    "1e 12a": 0.5396180152893066,
    "1e 12b": 0.6281392574310303,
    "1e 12c": 0.6388542056083679,
    "1e 13b": 0.6417063474655151,
    "1e 14a": 0.5732343792915344,
    "1e 14c": 0.6087087988853455,
    "1e 15a": 0.6022663712501526,
    "1e 16c": 0.5989439487457275,
    "1e 17a": 0.5685265064239502,
    "1e 18a": 0.43145856261253357,
    "1e 19a": 0.3894716799259186,
    "1e 20a": 0.6086828112602234,
    "1e 21a": 0.6179256439208984,
    "1e 22a": 0.544334352016449,
    "1e 23a": 0.45741790533065796,
    "1e 24a": 0.5212031006813049,
    "2e 3d": 0.4229657053947449,
    "2e 4d": 0.4309786856174469,
    "2e 5d": 0.4692879617214203,
    "2e 6d": 0.4602050185203552,
    "2e 7d": 0.4631332457065582,
    "2e 8d": 0.4908290207386017,
    "2e 9a": 0.4364285469055176,
    "2e 10a": 0.4889221787452698,
    "2e 11a": 0.5140937566757202,
    "2e 12a": 0.5315491557121277,
    "2e 12b": 0.6832841634750366,
    "2e 12c": 0.6573823690414429,
    "2e 13b": 0.6935822367668152,
    "2e 14a": 0.6209884285926819,
    "2e 14c": 0.648007869720459,
    "2e 15a": 0.644591212272644,
    "2e 16c": 0.644025444984436,
    "2e 17a": 0.625497043132782,
    "2e 18a": 0.4723270833492279,
    "2e 19a": 0.4352886974811554,
    "2e 20a": 0.6286247968673706,
    "2e 21a": 0.6493284702301025,
    "2e 22a": 0.5266384482383728,
    "2e 23a": 0.500679612159729,
    "2e 24a": 0.5663214921951294,
    "3d 4d": 0.9005473852157593,
    "3d 5d": 0.8499553799629211,
    "3d 6d": 0.8572463393211365,
    "3d 7d": 0.8585906028747559,
    "3d 8d": 0.8432235717773438,
    "3d 9a": 0.6287265419960022,
    "3d 10a": 0.6608999967575073,
    "3d 11a": 0.6491860151290894,
    "3d 12a": 0.6920695900917053,
    "3d 12b": 0.5259789228439331,
    "3d 12c": 0.7045465111732483,
    "3d 13b": 0.5292539596557617,
    "3d 14a": 0.3995169997215271,
    "3d 14c": 0.5106692314147949,
    "3d 15a": 0.40751686692237854,
    "3d 16c": 0.5750023722648621,
    "3d 17a": 0.43888989090919495,
    "3d 18a": 0.37833160161972046,
    "3d 19a": 0.4201096296310425,
    "3d 20a": 0.4758089482784271,
    "3d 21a": 0.48403897881507874,
    "3d 22a": 0.43216046690940857,
    "3d 23a": 0.36101531982421875,
    "3d 24a": 0.40844881534576416,
    "4d 5d": 0.8803926110267639,
    "4d 6d": 0.8490386009216309,
    "4d 7d": 0.8575171828269958,
    "4d 8d": 0.8478312492370605,
    "4d 9a": 0.6067361831665039,
    "4d 10a": 0.6439469456672668,
    "4d 11a": 0.6349246501922607,
    "4d 12a": 0.6798527240753174,
    "4d 12b": 0.5290606617927551,
    "4d 12c": 0.7088910937309265,
    "4d 13b": 0.5323859453201294,
    "4d 14a": 0.4024674892425537,
    "4d 14c": 0.5166175365447998,
    "4d 15a": 0.410586416721344,
    "4d 16c": 0.5841445922851562,
    "4d 17a": 0.44623684883117676,
    "4d 18a": 0.38216763734817505,
    "4d 19a": 0.42495036125183105,
    "4d 20a": 0.4746451675891876,
    "4d 21a": 0.4866131544113159,
    "4d 22a": 0.42360207438468933,
    "4d 23a": 0.36576977372169495,
    "4d 24a": 0.413836270570755,
    "5d 6d": 0.823164165019989,
    "5d 7d": 0.828555703163147,
    "5d 8d": 0.8507302403450012,
    "5d 9a": 0.5973844528198242,
    "5d 10a": 0.6357438564300537,
    "5d 11a": 0.62898188829422,
    "5d 12a": 0.6798036694526672,
    "5d 12b": 0.5628631711006165,
    "5d 12c": 0.7265754342079163,
    "5d 13b": 0.5671607255935669,
    "5d 14a": 0.43998923897743225,
    "5d 14c": 0.5488736629486084,
    "5d 15a": 0.45083969831466675,
    "5d 16c": 0.6183159947395325,
    "5d 17a": 0.4799472689628601,
    "5d 18a": 0.4026470184326172,
    "5d 19a": 0.4359971284866333,
    "5d 20a": 0.5030491948127747,
    "5d 21a": 0.5164767503738403,
    "5d 22a": 0.4452451467514038,
    "5d 23a": 0.3919910788536072,
    "5d 24a": 0.4444431960582733,
    "6d 7d": 0.8843340277671814,
    "6d 8d": 0.8629398941993713,
    "6d 9a": 0.6367096304893494,
    "6d 10a": 0.669908344745636,
    "6d 11a": 0.6612542867660522,
    "6d 12a": 0.7043228149414062,
    "6d 12b": 0.5557854175567627,
    "6d 12c": 0.7265257239341736,
    "6d 13b": 0.5585139989852905,
    "6d 14a": 0.42715251445770264,
    "6d 14c": 0.5374667048454285,
    "6d 15a": 0.43625810742378235,
    "6d 16c": 0.5985614657402039,
    "6d 17a": 0.46729034185409546,
    "6d 18a": 0.40286266803741455,
    "6d 19a": 0.444367915391922,
    "6d 20a": 0.5011465549468994,
    "6d 21a": 0.5147251486778259,
    "6d 22a": 0.4587278366088867,
    "6d 23a": 0.3927651643753052,
    "6d 24a": 0.43798938393592834,
    "7d 8d": 0.887660801410675,
    "7d 9a": 0.6424601674079895,
    "7d 10a": 0.6770744919776917,
    "7d 11a": 0.6684951782226562,
    "7d 12a": 0.709473729133606,
    "7d 12b": 0.5558564066886902,
    "7d 12c": 0.7318745255470276,
    "7d 13b": 0.5593635439872742,
    "7d 14a": 0.42912280559539795,
    "7d 14c": 0.5397869348526001,
    "7d 15a": 0.439161479473114,
    "7d 16c": 0.6038941144943237,
    "7d 17a": 0.4735111892223358,
    "7d 18a": 0.40386727452278137,
    "7d 19a": 0.4419938027858734,
    "7d 20a": 0.504646360874176,
    "7d 21a": 0.5168991684913635,
    "7d 22a": 0.46381786465644836,
    "7d 23a": 0.391494482755661,
    "7d 24a": 0.4397113621234894,
    "8d 9a": 0.6375875473022461,
    "8d 10a": 0.6765693426132202,
    "8d 11a": 0.6691749095916748,
    "8d 12a": 0.715563952922821,
    "8d 12b": 0.585326075553894,
    "8d 12c": 0.7531129121780396,
    "8d 13b": 0.5888838768005371,
    "8d 14a": 0.4561956226825714,
    "8d 14c": 0.567932665348053,
    "8d 15a": 0.4659515619277954,
    "8d 16c": 0.6352730393409729,
    "8d 17a": 0.5008439421653748,
    "8d 18a": 0.42030689120292664,
    "8d 19a": 0.4577215015888214,
    "8d 20a": 0.5263001322746277,
    "8d 21a": 0.5401341915130615,
    "8d 22a": 0.47976815700531006,
    "8d 23a": 0.4141024351119995,
    "8d 24a": 0.46709930896759033,
    "9a 10a": 0.8170260787010193,
    "9a 11a": 0.7919931411743164,
    "9a 12a": 0.7488404512405396,
    "9a 12b": 0.5595468878746033,
    "9a 12c": 0.6665699481964111,
    "9a 13b": 0.569794774055481,
    "9a 14a": 0.440655916929245,
    "9a 14c": 0.5113604664802551,
    "9a 15a": 0.4484032094478607,
    "9a 16c": 0.5533363819122314,
    "9a 17a": 0.468129962682724,
    "9a 18a": 0.38101842999458313,
    "9a 19a": 0.3923984169960022,
    "9a 20a": 0.5323140621185303,
    "9a 21a": 0.5263962745666504,
    "9a 22a": 0.5352388024330139,
    "9a 23a": 0.3778947591781616,
    "9a 24a": 0.43696853518486023,
    "10a 11a": 0.8604339957237244,
    "10a 12a": 0.814152181148529,
    "10a 12b": 0.6315625905990601,
    "10a 12c": 0.7312840223312378,
    "10a 13b": 0.6424593925476074,
    "10a 14a": 0.503925621509552,
    "10a 14c": 0.5833261013031006,
    "10a 15a": 0.5133829712867737,
    "10a 16c": 0.6180188655853271,
    "10a 17a": 0.5397571921348572,
    "10a 18a": 0.4309349060058594,
    "10a 19a": 0.43997737765312195,
    "10a 20a": 0.6024600267410278,
    "10a 21a": 0.599795937538147,
    "10a 22a": 0.5713112354278564,
    "10a 23a": 0.42762821912765503,
    "10a 24a": 0.5004794597625732,
    "11a 12a": 0.8201351761817932,
    "11a 12b": 0.6518055200576782,
    "11a 12c": 0.7445833086967468,
    "11a 13b": 0.6633358001708984,
    "11a 14a": 0.5304378867149353,
    "11a 14c": 0.6101210713386536,
    "11a 15a": 0.5414917469024658,
    "11a 16c": 0.6399199962615967,
    "11a 17a": 0.5719289779663086,
    "11a 18a": 0.451690673828125,
    "11a 19a": 0.4518463909626007,
    "11a 20a": 0.6247848868370056,
    "11a 21a": 0.6262946724891663,
    "11a 22a": 0.5902448296546936,
    "11a 23a": 0.4494192898273468,
    "11a 24a": 0.5266636610031128,
    "12a 12b": 0.6938071250915527,
    "12a 12c": 0.7816660404205322,
    "12a 13b": 0.701392412185669,
    "12a 14a": 0.5630202889442444,