{
    "1e 2e": 0.7946059107780457,
    "1e 3d": 0.574417769908905,
    "1e 4d": 0.5644978880882263,
    "1e 5d": 0.5667941570281982,
    "1e 6d": 0.6851170659065247,
    "1e 7d": 0.6715718507766724,
    "1e 8d": 0.6708160042762756,
    "1e 9a": 0.5029036402702332,
    "1e 10a": 0.5383607745170593,
    "1e 11a": 0.5894649624824524,
    "1e 12a": 0.5727769732475281,
    "1e 12b": 0.6103020310401917,
    "1e 12c": 0.6594516634941101,
    "1e 13b": 0.6399350166320801,
    "1e 14a": 0.6512237191200256,
    "1e 14c": 0.7127877473831177,
    "1e 15a": 0.692459762096405,
    "1e 16c": 0.7161017656326294,
    "1e 17a": 0.6525924801826477,
    "1e 18a": 0.5969653725624084,
    "1e 19a": 0.5259607434272766,
    "1e 20a": 0.6157338619232178,
    "1e 21a": 0.6156450510025024,
    "1e 22a": 0.6260660290718079,
    "1e 23a": 0.6347565650939941,
    "1e 24a": 0.5824509859085083,
    "2e 3d": 0.5353820323944092,
    "2e 4d": 0.5384414792060852,
    "2e 5d": 0.5800004005432129,
    "2e 6d": 0.6759889721870422,
    "2e 7d": 0.6464291214942932,
    "2e 8d": 0.669599711894989,
    "2e 9a": 0.4371400773525238,
    "2e 10a": 0.4721059501171112,
    "2e 11a": 0.5204173922538757,
    "2e 12a": 0.5075907111167908,
    "2e 12b": 0.5596311688423157,
    "2e 12c": 0.6128912568092346,
    "2e 13b": 0.5905607342720032,
    "2e 14a": 0.6106632351875305,
    "2e 14c": 0.6838728785514832,
    "2e 15a": 0.6516484022140503,
    "2e 16c": 0.7461861371994019,
    "2e 17a": 0.6421718597412109,
    "2e 18a": 0.5470786094665527,
    "2e 19a": 0.4927079677581787,
    "2e 20a": 0.5599344968795776,
    "2e 21a": 0.562207818031311,
    "2e 22a": 0.5524752140045166,
    "2e 23a": 0.5835536122322083,
    "2e 24a": 0.5195907354354858,
    "3d 4d": 0.8122760653495789,
    "3d 5d": 0.7559915781021118,
    "3d 6d": 0.8005397319793701,
    "3d 7d": 0.8087860345840454,
    "3d 8d": 0.7898404598236084,
    "3d 9a": 0.6159619688987732,
    "3d 10a": 0.6444299817085266,
    "3d 11a": 0.6778640747070312,
    "3d 12a": 0.6750215888023376,
    "3d 12b": 0.7033050060272217,
    "3d 12c": 0.7492967247962952,
    "3d 13b": 0.7089014053344727,
    "3d 14a": 0.7071549892425537,
    "3d 14c": 0.7189866900444031,
    "3d 15a": 0.6947276592254639,
    "3d 16c": 0.7078369855880737,
    "3d 17a": 0.6622565388679504,
    "3d 18a": 0.6666519045829773,
    "3d 19a": 0.5851927995681763,
    "3d 20a": 0.7044131755828857,
    "3d 21a": 0.7030767202377319,
    "3d 22a": 0.6420783996582031,
    "3d 23a": 0.6465160846710205,
    "3d 24a": 0.6618223190307617,
    "4d 5d": 0.759442925453186,
    "4d 6d": 0.7836480736732483,
    "4d 7d": 0.7866283059120178,
    "4d 8d": 0.7729855179786682,
    "4d 9a": 0.5838240385055542,
    "4d 10a": 0.6147720217704773,
    "4d 11a": 0.6476557850837708,
    "4d 12a": 0.6445660591125488,
    "4d 12b": 0.6688424944877625,
    "4d 12c": 0.7165912389755249,
    "4d 13b": 0.6756830215454102,
    "4d 14a": 0.6761721968650818,
    "4d 14c": 0.6984527707099915,
    "4d 15a": 0.6687172651290894,
    "4d 16c": 0.6942989230155945,
    "4d 17a": 0.6395019292831421,
    "4d 18a": 0.6374778151512146,
    "4d 19a": 0.5607153177261353,
    "4d 20a": 0.6682227253913879,
    "4d 21a": 0.6670805811882019,
    "4d 22a": 0.6118263006210327,
    "4d 23a": 0.6178249716758728,
    "4d 24a": 0.6280622482299805,
    "5d 6d": 0.7900785803794861,
    "5d 7d": 0.7790077924728394,
    "5d 8d": 0.7854189276695251,
    "5d 9a": 0.5598985552787781,
    "5d 10a": 0.5889540910720825,
    "5d 11a": 0.6224037408828735,
    "5d 12a": 0.6218713521957397,
    "5d 12b": 0.654747486114502,
    "5d 12c": 0.6996012330055237,
    "5d 13b": 0.6638191342353821,
    "5d 14a": 0.6668189764022827,
    "5d 14c": 0.6959198713302612,
    "5d 15a": 0.6638897657394409,
    "5d 16c": 0.7237963676452637,
    "5d 17a": 0.6428580284118652,
    "5d 18a": 0.6252025961875916,
    "5d 19a": 0.5430812835693359,
    "5d 20a": 0.6520244479179382,
    "5d 21a": 0.6480922698974609,
    "5d 22a": 0.5909296274185181,
    "5d 23a": 0.603391170501709,
    "5d 24a": 0.6029995679855347,
    "6d 7d": 0.8844062089920044,
    "6d 8d": 0.8799504041671753,
    "6d 9a": 0.6381293535232544,
    "6d 10a": 0.6735965609550476,
    "6d 11a": 0.7135236263275146,
    "6d 12a": 0.7094419002532959,
    "6d 12b": 0.7448205351829529,
    "6d 12c": 0.7964903712272644,
    "6d 13b": 0.7498908042907715,
    "6d 14a": 0.7536258697509766,
    "6d 14c": 0.7923117280006409,
    "6d 15a": 0.747968852519989,
    "6d 16c": 0.8107687830924988,
    "6d 17a": 0.7273790836334229,
    "6d 18a": 0.7061742544174194,
    "6d 19a": 0.6273465752601624,
    "6d 20a": 0.7434655427932739,
    "6d 21a": 0.7437534928321838,
    "6d 22a": 0.6830345988273621,
    "6d 23a": 0.7002343535423279,
    "6d 24a": 0.6889186501502991,
    "7d 8d": 0.8878196477890015,
    "7d 9a": 0.6615177392959595,
    "7d 10a": 0.6936408877372742,
    "7d 11a": 0.7351341247558594,
    "7d 12a": 0.7235596179962158,
    "7d 12b": 0.7535983920097351,
    "7d 12c": 0.8024083375930786,
    "7d 13b": 0.7621563076972961,
    "7d 14a": 0.7629833817481995,
    "7d 14c": 0.7930620312690735,
    "7d 15a": 0.7568870186805725,
    "7d 16c": 0.8011700510978699,
    "7d 17a": 0.7300247550010681,
    "7d 18a": 0.7150848507881165,
    "7d 19a": 0.6298115849494934,
    "7d 20a": 0.7543471455574036,
    "7d 21a": 0.7518774271011353,
    "7d 22a": 0.697220504283905,
    "7d 23a": 0.7095053195953369,
    "7d 24a": 0.7025313973426819,
    "8d 9a": 0.6198030114173889,
    "8d 10a": 0.6560953259468079,
    "8d 11a": 0.6987277865409851,
    "8d 12a": 0.6916537284851074,
    "8d 12b": 0.7265914678573608,
    "8d 12c": 0.7835495471954346,
    "8d 13b": 0.7380098104476929,
    "8d 14a": 0.750027596950531,
    "8d 14c": 0.7806124091148376,
    "8d 15a": 0.7442566752433777,
    "8d 16c": 0.8081333041191101,
    "8d 17a": 0.7183414101600647,
    "8d 18a": 0.687102198600769,
    "8d 19a": 0.6123719811439514,
    "8d 20a": 0.7265990376472473,
    "8d 21a": 0.7247525453567505,
    "8d 22a": 0.6752669811248779,
    "8d 23a": 0.6884245276451111,
    "8d 24a": 0.6794789433479309,
    "9a 10a": 0.8219152092933655,
    "9a 11a": 0.8003491759300232,
    "9a 12a": 0.7791189551353455,
    "9a 12b": 0.7206069827079773,
    "9a 12c": 0.717583954334259,
    "9a 13b": 0.7154089212417603,
    "9a 14a": 0.6726775765419006,
    "9a 14c": 0.6463261842727661,
    "9a 15a": 0.653647243976593,
    "9a 16c": 0.5940694808959961,
    "9a 17a": 0.5875205397605896,
    "9a 18a": 0.690192461013794,
    "9a 19a": 0.5861861705780029,
    "9a 20a": 0.7331363558769226,
    "9a 21a": 0.7206586599349976,
    "9a 22a": 0.7180405855178833,
    "9a 23a": 0.6677941083908081,
    "9a 24a": 0.6878860592842102,
    "10a 11a": 0.8585659861564636,
    "10a 12a": 0.8342047333717346,
    "10a 12b": 0.7519295811653137,
    "10a 12c": 0.7542119026184082,
    "10a 13b": 0.7577609419822693,
    "10a 14a": 0.7088341116905212,
    "10a 14c": 0.6931471228599548,
    "10a 15a": 0.6874027252197266,
    "10a 16c": 0.6376742720603943,
    "10a 17a": 0.6327556371688843,
    "10a 18a": 0.7330703139305115,
    "10a 19a": 0.6213573813438416,
    "10a 20a": 0.7716335654258728,
    "10a 21a": 0.7612070441246033,
    "10a 22a": 0.7595869898796082,
    "10a 23a": 0.7071254253387451,
    "10a 24a": 0.7260140180587769,
    "11a 12a": 0.8530310392379761,
    "11a 12b": 0.7869659066200256,
    "11a 12c": 0.7964248657226562,
    "11a 13b": 0.7897354364395142,
    "11a 14a": 0.7526596188545227,
    "11a 14c": 0.7448676228523254,
    "11a 15a": 0.731471836566925,
    "11a 16c": 0.692863941192627,
    "11a 17a": 0.6811670064926147,
    "11a 18a": 0.7501580715179443,
    "11a 19a": 0.6451815366744995,
    "11a 20a": 0.8020580410957336,
    "11a 21a": 0.7891567349433899,
    "11a 22a": 0.7825538516044617,
    "11a 23a": 0.7456568479537964,
    "11a 24a": 0.7572221159934998,
    "12a 12b": 0.7956407070159912,
    "12a 12c": 0.8012838363647461,
    "12a 13b": 0.7965407371520996,
    "12a 14a": 0.75569748878479,